,count,mean,std,min,25%,50%,75%,max
physics_grade,5.0,62.6,26.49150807334305,34.0,45.0,56.0,78.0,100.0
chemistry_grades,5.0,64.2,42.14498783959962,0.0,45.0,78.0,98.0,100.0
math_grades,5.0,57.2,30.194370336206717,23.0,34.0,56.0,76.0,97.0
biology_grade,5.0,55.8,17.079227148791013,34.0,45.0,56.0,67.0,77.0
total_grade,5.0,239.8,89.24516793642107,124.0,213.0,235.0,255.0,372.0
